[{"model":"auth.user","pk":1,"fields":{"password":"pbkdf2_sha256$20000$cPqTUBklp62Q$rZgK6zhgpc4ZJObEgaoU6a7s4Aie21omVsX0MSyczC4=","last_login":"2017-10-30T09:18:15.550Z","is_superuser":true,"username":"hello","first_name":"","last_name":"","email":"hello@mail.ru","is_staff":true,"is_active":true,"date_joined":"2017-10-10T14:21:53.433Z","groups":[],"user_permissions":[]}},{"model":"auth.user","pk":2,"fields":{"password":"pbkdf2_sha256$20000$0gxfY7eqJfO3$lfm2LuXr3YaNzN/sAGPJ++ln+nNXMG4JehJKx4cSgHQ=","last_login":null,"is_superuser":true,"username":"batman","first_name":"","last_name":"","email":"batman@perez-williams.biz","is_staff":true,"is_active":true,"date_joined":"2017-10-10T14:39:36.344Z","groups":[],"user_permissions":[]}},{"model":"auth.user","pk":3,"fields":{"password":"pbkdf2_sha256$30000$ZZxPYBX3tbru$YBm9LzEU50ql47J8N2vNSOt1+l5KzrCkV6Xiq8CbytQ=","last_login":"2017-11-09T03:40:56.574Z","is_superuser":true,"username":"robin","first_name":"","last_name":"","email":"robin@hotmail.com","is_staff":true,"is_active":true,"date_joined":"2017-10-10T14:39:36.401Z","groups":[],"user_permissions":[]}},{"model":"auth.user","pk":4,"fields":{"password":"pbkdf2_sha256$36000$kKw9C5O4mSHs$ps95A5u9EWK5SMgnzuHdlhhiSuazn2pPaWbdsbk2TSI=","last_login":null,"is_superuser":false,"username":"hannahhanson","first_name":"","last_name":"","email":"cuevaslouis@gmail.com","is_staff":false,"is_active":true,"date_joined":"2017-10-10T14:39:36.448Z","groups":[],"user_permissions":[]}},{"model":"auth.user","pk":5,"fields":{"password":"pbkdf2_sha256$36000$7Sf9likn3lN1$xtzM2AgDIcJ5lKU7MLiFLEkz1myZvy9+qSQSPh7wwDM=","last_login":null,"is_superuser":false,"username":"garyharper","first_name":"","last_name":"","email":"sarah65@oconnor.com","is_staff":false,"is_active":true,"date_joined":"2017-10-10T14:39:36.500Z","groups":[],"user_permissions":[]}},{"model":"auth.user","pk":6,"fields":{"password":"pbkdf2_sha256$36000$5DS9bebwfQv4$8Jq+uM330rNnNLuK863/okzqPkeywti29ZqQwxiuEZA=","last_login":null,"is_superuser":false,"username":"jreed","first_name":"","last_name":"","email":"abigailjones@jensen.com","is_staff":false,"is_active":true,"date_joined":"2017-10-10T14:39:36.551Z","groups":[],"user_permissions":[]}},{"model":"auth.user","pk":7,"fields":{"password":"pbkdf2_sha256$36000$y68Jo59ghx8H$pgsFK7ocaAvinFPtx7BeWrOmulszx4Pl2XYm1JxSKto=","last_login":null,"is_superuser":false,"username":"mckeejoanna","first_name":"","last_name":"","email":"johnmartin@christensen.org","is_staff":false,"is_active":true,"date_joined":"2017-10-10T14:39:36.599Z","groups":[],"user_permissions":[]}},{"model":"auth.user","pk":8,"fields":{"password":"pbkdf2_sha256$36000$f5RJ8GElHB9h$Rfv4I2taz3JiZEmBfH85/qSi+vVfDmJPuqYSiFpvwug=","last_login":null,"is_superuser":false,"username":"stonemitchell","first_name":"","last_name":"","email":"nicole38@yahoo.com","is_staff":false,"is_active":true,"date_joined":"2017-10-10T14:39:36.648Z","groups":[],"user_permissions":[]}},{"model":"auth.user","pk":9,"fields":{"password":"pbkdf2_sha256$36000$tmotMX1mYgKM$rTBX0LXHrmWfv2zQ99Qb50rjGjcZeFHECeyONouI/vI=","last_login":null,"is_superuser":false,"username":"wrightamy","first_name":"","last_name":"","email":"ortiztimothy@boyle.net","is_staff":false,"is_active":true,"date_joined":"2017-10-10T14:39:36.699Z","groups":[],"user_permissions":[]}},{"model":"auth.user","pk":10,"fields":{"password":"pbkdf2_sha256$36000$zGn6HxBGHVMu$yOvnm9gIIma0XuIjhSZ8yltjaWBFCpiRfZLkAM5Er6Q=","last_login":null,"is_superuser":false,"username":"longjames","first_name":"","last_name":"","email":"sswanson@gmail.com","is_staff":false,"is_active":true,"date_joined":"2017-10-10T14:39:36.754Z","groups":[],"user_permissions":[]}},{"model":"core.publisher","pk":1,"fields":{"name":"Holland-Munoz","phone":"384.732.6049","address":"0916 Albert Squares Suite 306\nWest Davidmouth, OH 83611-1839","site":"http://morton-jacobs.com/","email":"uberg@patton.com"}},{"model":"core.publisher","pk":2,"fields":{"name":"Chavez, Mosley and Obrien","phone":"03785442169","address":"021 Conner Road Apt. 981\nStevenborough, RI 90360-4906","site":"http://owens.info/","email":"kennethandrews@greer-medina.com"}},{"model":"core.publisher","pk":3,"fields":{"name":"Munoz LLC","phone":"+87(6)5630077654","address":"721 Bowman Landing Apt. 361\nDeniseton, WI 01913","site":"http://thompson.biz/","email":"eparrish@gmail.com"}},{"model":"core.publisher","pk":4,"fields":{"name":"Lyons Ltd","phone":"(349)695-3285x18091","address":"0746 Nicholas Mount Apt. 518\nLake Brent, NJ 97188","site":"https://olson.com/","email":"melanieschroeder@bailey.com"}},{"model":"core.publisher","pk":5,"fields":{"name":"Sanchez-Moore","phone":"948-945-4461x501","address":"8670 Wright Junctions Apt. 636\nEast Samanthaland, AZ 36973","site":"http://johnson.org/","email":"erica86@johnson-cortez.com"}},{"model":"core.publisher","pk":6,"fields":{"name":"Jennings, Keith and Arias","phone":"834-276-8924x16989","address":"04269 Deanna Lights\nEast Stephanie, CT 59053","site":"https://vang.net/","email":"manuelreed@hotmail.com"}},{"model":"core.publisher","pk":7,"fields":{"name":"Howell-Collins","phone":"1-967-302-1473","address":"744 Ryan Squares\nAbigailberg, TX 16929-2485","site":"https://www.thomas.info/","email":"catherine51@mullen-roberts.com"}},{"model":"core.publisher","pk":8,"fields":{"name":"Harrington, Rodriguez and Davis","phone":"1-924-672-8456","address":"441 Natalie Ridges\nEllenstad, NC 65705-2530","site":"https://shaw.com/","email":"amandaallison@hotmail.com"}},{"model":"core.publisher","pk":9,"fields":{"name":"Mendez-Lara","phone":"747.797.3685x8063","address":"345 Smith Walks\nJuliatown, VI 69986","site":"https://townsend-nelson.com/","email":"jessica81@palmer-lopez.com"}},{"model":"core.publisher","pk":10,"fields":{"name":"Chavez, Tyler and Pacheco","phone":"(042)110-4184x8341","address":"93240 Douglas Stravenue\nPort Devinburgh, MI 15351","site":"http://howard.com/","email":"wendysanchez@vasquez.com"}},{"model":"contenttypes.contenttype","fields":{"app_label":"admin","model":"logentry"}},{"model":"contenttypes.contenttype","fields":{"app_label":"auth","model":"permission"}},{"model":"contenttypes.contenttype","fields":{"app_label":"auth","model":"group"}},{"model":"contenttypes.contenttype","fields":{"app_label":"auth","model":"user"}},{"model":"contenttypes.contenttype","fields":{"app_label":"contenttypes","model":"contenttype"}},{"model":"contenttypes.contenttype","fields":{"app_label":"sessions","model":"session"}},{"model":"contenttypes.contenttype","fields":{"app_label":"djangoql","model":"favoritequery"}},{"model":"contenttypes.contenttype","fields":{"app_label":"core","model":"book"}},{"model":"contenttypes.contenttype","fields":{"app_label":"core","model":"publisher"}},{"model":"djangoql.favoritequery","pk":1,"fields":{"name":"Query 1","text":"foo","user":["robin"],"content_type":["core","book"],"scope":"private"}},{"model":"djangoql.favoritequery","pk":2,"fields":{"name":"Query 2","text":"bar","user":["robin"],"content_type":["core","book"],"scope":"private"}},{"model":"djangoql.favoritequery","pk":3,"fields":{"name":"Query 3","text":"spam","user":["hannahhanson"],"content_type":["core","book"],"scope":"shared"}},{"model":"core.book","pk":1,"fields":{"name":"Holy See (Vatican City State)","author":["wrightamy"],"publisher":10,"genre":1,"written":"2017-10-10T14:39:36.869Z","is_published":false,"rating":1.656303344505102,"price":"133.56","content_type":null,"object_id":null}},{"model":"core.book","pk":2,"fields":{"name":"Isle of Man","author":["batman"],"publisher":2,"genre":2,"written":"2017-10-10T14:39:36.878Z","is_published":false,"rating":4.153945500875818,"price":"634.01","content_type":null,"object_id":null}},{"model":"core.book","pk":3,"fields":{"name":"Botswana","author":["hannahhanson"],"publisher":2,"genre":3,"written":"2017-10-10T14:39:36.882Z","is_published":false,"rating":3.9012384868890195,"price":"696.08","content_type":null,"object_id":null}},{"model":"core.book","pk":4,"fields":{"name":"Montserrat","author":["batman"],"publisher":5,"genre":1,"written":"2017-10-10T14:39:36.885Z","is_published":false,"rating":2.819056880433148,"price":"587.95","content_type":null,"object_id":null}},{"model":"core.book","pk":5,"fields":{"name":"Azerbaijan","author":["robin"],"publisher":8,"genre":2,"written":"2017-10-10T14:39:36.890Z","is_published":false,"rating":2.3373408825246353,"price":"772.94","content_type":null,"object_id":null}},{"model":"core.book","pk":6,"fields":{"name":"Mali","author":["stonemitchell"],"publisher":5,"genre":3,"written":"2017-10-10T14:39:36.894Z","is_published":false,"rating":2.0020112033996726,"price":"675.08","content_type":null,"object_id":null}},{"model":"core.book","pk":7,"fields":{"name":"Turkey","author":["jreed"],"publisher":8,"genre":2,"written":"2017-10-10T14:39:36.898Z","is_published":false,"rating":4.143773019252865,"price":"429.74","content_type":null,"object_id":null}},{"model":"core.book","pk":8,"fields":{"name":"Indonesia","author":["batman"],"publisher":8,"genre":3,"written":"2017-10-10T14:39:36.901Z","is_published":false,"rating":1.9463177376166856,"price":"788.16","content_type":null,"object_id":null}},{"model":"core.book","pk":9,"fields":{"name":"Isle of Man","author":["longjames"],"publisher":9,"genre":2,"written":"2017-10-10T14:39:36.903Z","is_published":false,"rating":4.343519923964514,"price":"855.09","content_type":null,"object_id":null}},{"model":"core.book","pk":10,"fields":{"name":"Hong Kong","author":["garyharper"],"publisher":10,"genre":1,"written":"2017-10-10T14:39:36.907Z","is_published":false,"rating":3.3466777002607406,"price":"791.95","content_type":null,"object_id":null}},{"model":"core.book","pk":11,"fields":{"name":"Saint Barthelemy","author":["stonemitchell"],"publisher":8,"genre":3,"written":"2017-10-10T14:39:36.910Z","is_published":false,"rating":3.0804479175180495,"price":"708.10","content_type":null,"object_id":null}},{"model":"core.book","pk":12,"fields":{"name":"Bermuda","author":["stonemitchell"],"publisher":6,"genre":2,"written":"2017-10-10T14:39:36.914Z","is_published":false,"rating":3.2083101579843314,"price":"466.18","content_type":null,"object_id":null}},{"model":"core.book","pk":13,"fields":{"name":"Philippines","author":["hannahhanson"],"publisher":4,"genre":1,"written":"2017-10-10T14:39:36.917Z","is_published":false,"rating":1.4905478249418844,"price":"390.17","content_type":null,"object_id":null}},{"model":"core.book","pk":14,"fields":{"name":"Venezuela","author":["robin"],"publisher":1,"genre":2,"written":"2017-10-10T14:39:36.920Z","is_published":false,"rating":2.4644389710638746,"price":"845.12","content_type":null,"object_id":null}},{"model":"core.book","pk":15,"fields":{"name":"Lesotho","author":["robin"],"publisher":3,"genre":1,"written":"2017-10-10T14:39:36.925Z","is_published":false,"rating":1.151162574633502,"price":"875.43","content_type":null,"object_id":null}},{"model":"core.book","pk":16,"fields":{"name":"Hungary","author":["garyharper"],"publisher":1,"genre":3,"written":"2017-10-10T14:39:36.928Z","is_published":false,"rating":1.7767429354566984,"price":"796.37","content_type":null,"object_id":null}},{"model":"core.book","pk":17,"fields":{"name":"Guyana","author":["hannahhanson"],"publisher":8,"genre":3,"written":"2017-10-10T14:39:36.931Z","is_published":false,"rating":3.7900799582301525,"price":"132.91","content_type":null,"object_id":null}},{"model":"core.book","pk":18,"fields":{"name":"New Caledonia","author":["stonemitchell"],"publisher":10,"genre":1,"written":"2017-10-10T14:39:36.936Z","is_published":false,"rating":3.7589336772214135,"price":"399.04","content_type":null,"object_id":null}},{"model":"core.book","pk":19,"fields":{"name":"British Indian Ocean Territory (Chagos Archipelago)","author":["longjames"],"publisher":2,"genre":1,"written":"2017-10-10T14:39:36.940Z","is_published":false,"rating":3.1204510303592787,"price":"713.77","content_type":null,"object_id":null}},{"model":"core.book","pk":20,"fields":{"name":"Kiribati","author":["jreed"],"publisher":4,"genre":3,"written":"2017-10-10T14:39:36.945Z","is_published":false,"rating":4.220112599664462,"price":"165.71","content_type":null,"object_id":null}},{"model":"core.book","pk":21,"fields":{"name":"Guyana","author":["longjames"],"publisher":3,"genre":3,"written":"2017-10-10T14:39:36.948Z","is_published":false,"rating":2.9184869233989095,"price":"774.69","content_type":null,"object_id":null}},{"model":"core.book","pk":22,"fields":{"name":"French Guiana","author":["longjames"],"publisher":6,"genre":3,"written":"2017-10-10T14:39:36.955Z","is_published":false,"rating":1.563574366382512,"price":"511.72","content_type":null,"object_id":null}},{"model":"core.book","pk":23,"fields":{"name":"Rwanda","author":["garyharper"],"publisher":9,"genre":3,"written":"2017-10-10T14:39:36.959Z","is_published":false,"rating":3.523081972051103,"price":"970.54","content_type":null,"object_id":null}},{"model":"core.book","pk":24,"fields":{"name":"Australia","author":["longjames"],"publisher":9,"genre":2,"written":"2017-10-10T14:39:36.963Z","is_published":false,"rating":2.253937207135747,"price":"525.00","content_type":null,"object_id":null}},{"model":"core.book","pk":25,"fields":{"name":"Hungary","author":["longjames"],"publisher":7,"genre":3,"written":"2017-10-10T14:39:36.966Z","is_published":false,"rating":3.7772338989009198,"price":"208.89","content_type":null,"object_id":null}},{"model":"core.book","pk":26,"fields":{"name":"Gambia","author":["jreed"],"publisher":1,"genre":2,"written":"2017-10-10T14:39:36.970Z","is_published":false,"rating":3.9819054317346794,"price":"115.48","content_type":null,"object_id":null}},{"model":"core.book","pk":27,"fields":{"name":"Senegal","author":["robin"],"publisher":4,"genre":3,"written":"2017-10-10T14:39:36.975Z","is_published":false,"rating":3.2492616552382865,"price":"718.19","content_type":null,"object_id":null}},{"model":"core.book","pk":28,"fields":{"name":"Norway","author":["robin"],"publisher":10,"genre":2,"written":"2017-10-10T14:39:36.978Z","is_published":false,"rating":4.130113009476373,"price":"452.90","content_type":null,"object_id":null}},{"model":"core.book","pk":29,"fields":{"name":"Timor-Leste","author":["garyharper"],"publisher":6,"genre":1,"written":"2017-10-10T14:39:36.983Z","is_published":false,"rating":4.300523763785309,"price":"858.99","content_type":null,"object_id":null}},{"model":"core.book","pk":30,"fields":{"name":"Trinidad and Tobago","author":["wrightamy"],"publisher":3,"genre":3,"written":"2017-10-10T14:39:36.988Z","is_published":false,"rating":4.442022374422841,"price":"701.42","content_type":null,"object_id":null}},{"model":"core.book","pk":31,"fields":{"name":"Fiji","author":["stonemitchell"],"publisher":2,"genre":2,"written":"2017-10-10T14:39:36.992Z","is_published":false,"rating":1.2971462101564333,"price":"140.01","content_type":null,"object_id":null}},{"model":"core.book","pk":32,"fields":{"name":"Micronesia","author":["jreed"],"publisher":7,"genre":3,"written":"2017-10-10T14:39:36.994Z","is_published":false,"rating":2.001930889020047,"price":"152.00","content_type":null,"object_id":null}},{"model":"core.book","pk":33,"fields":{"name":"Japan","author":["longjames"],"publisher":2,"genre":3,"written":"2017-10-10T14:39:36.999Z","is_published":false,"rating":4.946627634238086,"price":"740.19","content_type":null,"object_id":null}},{"model":"core.book","pk":34,"fields":{"name":"Saint Barthelemy","author":["batman"],"publisher":9,"genre":2,"written":"2017-10-10T14:39:37.003Z","is_published":false,"rating":1.2409716482468287,"price":"608.53","content_type":null,"object_id":null}},{"model":"core.book","pk":35,"fields":{"name":"Lithuania","author":["hannahhanson"],"publisher":4,"genre":3,"written":"2017-10-10T14:39:37.006Z","is_published":false,"rating":3.610978384072785,"price":"816.15","content_type":null,"object_id":null}},{"model":"core.book","pk":36,"fields":{"name":"Sao Tome and Principe","author":["hannahhanson"],"publisher":2,"genre":1,"written":"2017-10-10T14:39:37.010Z","is_published":false,"rating":4.880647217049077,"price":"671.89","content_type":null,"object_id":null}},{"model":"core.book","pk":37,"fields":{"name":"New Zealand","author":["robin"],"publisher":9,"genre":2,"written":"2017-10-10T14:39:37.013Z","is_published":false,"rating":2.505768596776166,"price":"510.20","content_type":null,"object_id":null}},{"model":"core.book","pk":38,"fields":{"name":"Haiti","author":["stonemitchell"],"publisher":7,"genre":3,"written":"2017-10-10T14:39:37.015Z","is_published":false,"rating":3.128813476103824,"price":"604.54","content_type":null,"object_id":null}},{"model":"core.book","pk":39,"fields":{"name":"Turks and Caicos Islands","author":["robin"],"publisher":7,"genre":3,"written":"2017-10-10T14:39:37.019Z","is_published":false,"rating":4.865244239233224,"price":"231.93","content_type":null,"object_id":null}},{"model":"core.book","pk":40,"fields":{"name":"Australia","author":["longjames"],"publisher":8,"genre":2,"written":"2017-10-10T14:39:37.023Z","is_published":false,"rating":1.9229580507807236,"price":"305.55","content_type":null,"object_id":null}},{"model":"core.book","pk":41,"fields":{"name":"South Africa","author":["longjames"],"publisher":10,"genre":1,"written":"2017-10-10T14:39:37.026Z","is_published":false,"rating":4.3738336133067754,"price":"503.67","content_type":null,"object_id":null}},{"model":"core.book","pk":42,"fields":{"name":"Nauru","author":["stonemitchell"],"publisher":3,"genre":1,"written":"2017-10-10T14:39:37.030Z","is_published":false,"rating":1.2660715572413395,"price":"773.35","content_type":null,"object_id":null}},{"model":"core.book","pk":43,"fields":{"name":"Tonga","author":["jreed"],"publisher":5,"genre":1,"written":"2017-10-10T14:39:37.034Z","is_published":false,"rating":4.3961959645266155,"price":"943.80","content_type":null,"object_id":null}},{"model":"core.book","pk":44,"fields":{"name":"Luxembourg","author":["wrightamy"],"publisher":8,"genre":1,"written":"2017-10-10T14:39:37.037Z","is_published":false,"rating":4.217142346604108,"price":"492.55","content_type":null,"object_id":null}},{"model":"core.book","pk":45,"fields":{"name":"Netherlands Antilles","author":["mckeejoanna"],"publisher":1,"genre":2,"written":"2017-10-10T14:39:37.040Z","is_published":false,"rating":2.1931763627487166,"price":"188.77","content_type":null,"object_id":null}},{"model":"core.book","pk":46,"fields":{"name":"Philippines","author":["garyharper"],"publisher":8,"genre":1,"written":"2017-10-10T14:39:37.044Z","is_published":false,"rating":1.864648189796212,"price":"265.81","content_type":null,"object_id":null}},{"model":"core.book","pk":47,"fields":{"name":"Switzerland","author":["longjames"],"publisher":7,"genre":3,"written":"2017-10-10T14:39:37.047Z","is_published":false,"rating":1.5273053494208124,"price":"505.46","content_type":null,"object_id":null}},{"model":"core.book","pk":48,"fields":{"name":"Norfolk Island","author":["robin"],"publisher":5,"genre":2,"written":"2017-10-10T14:39:37.051Z","is_published":false,"rating":4.431220195828823,"price":"415.44","content_type":null,"object_id":null}},{"model":"core.book","pk":49,"fields":{"name":"Norway","author":["batman"],"publisher":9,"genre":3,"written":"2017-10-10T14:39:37.055Z","is_published":false,"rating":2.701174605151779,"price":"219.58","content_type":null,"object_id":null}},{"model":"core.book","pk":50,"fields":{"name":"American Samoa","author":["wrightamy"],"publisher":9,"genre":2,"written":"2017-10-10T14:39:37.059Z","is_published":false,"rating":1.4826444122834448,"price":"893.70","content_type":null,"object_id":null}},{"model":"core.book","pk":51,"fields":{"name":"Taiwan","author":["garyharper"],"publisher":6,"genre":3,"written":"2017-10-10T14:39:37.062Z","is_published":false,"rating":2.4083145846988074,"price":"423.68","content_type":null,"object_id":null}},{"model":"core.book","pk":52,"fields":{"name":"Malaysia","author":["hannahhanson"],"publisher":5,"genre":3,"written":"2017-10-10T14:39:37.065Z","is_published":false,"rating":1.3926568746824914,"price":"788.82","content_type":null,"object_id":null}},{"model":"core.book","pk":53,"fields":{"name":"Seychelles","author":["stonemitchell"],"publisher":6,"genre":1,"written":"2017-10-10T14:39:37.071Z","is_published":false,"rating":3.4745142818180437,"price":"331.17","content_type":null,"object_id":null}},{"model":"core.book","pk":54,"fields":{"name":"Czech Republic","author":["hannahhanson"],"publisher":9,"genre":2,"written":"2017-10-10T14:39:37.078Z","is_published":false,"rating":4.462421090784581,"price":"425.95","content_type":null,"object_id":null}},{"model":"core.book","pk":55,"fields":{"name":"Peru","author":["mckeejoanna"],"publisher":8,"genre":3,"written":"2017-10-10T14:39:37.085Z","is_published":false,"rating":2.222181608370858,"price":"983.80","content_type":null,"object_id":null}},{"model":"core.book","pk":56,"fields":{"name":"Samoa","author":["jreed"],"publisher":5,"genre":3,"written":"2017-10-10T14:39:37.089Z","is_published":false,"rating":3.717794547032252,"price":"503.25","content_type":null,"object_id":null}},{"model":"core.book","pk":57,"fields":{"name":"Mauritania","author":["robin"],"publisher":1,"genre":2,"written":"2017-10-10T14:39:37.091Z","is_published":false,"rating":2.0945740668828265,"price":"725.88","content_type":null,"object_id":null}},{"model":"core.book","pk":58,"fields":{"name":"United States Minor Outlying Islands","author":["batman"],"publisher":6,"genre":1,"written":"2017-10-10T14:39:37.095Z","is_published":false,"rating":3.3416227677408767,"price":"601.53","content_type":null,"object_id":null}},{"model":"core.book","pk":59,"fields":{"name":"Haiti","author":["garyharper"],"publisher":4,"genre":2,"written":"2017-10-10T14:39:37.099Z","is_published":false,"rating":3.189766727499577,"price":"286.76","content_type":null,"object_id":null}},{"model":"core.book","pk":60,"fields":{"name":"Guernsey","author":["wrightamy"],"publisher":6,"genre":2,"written":"2017-10-10T14:39:37.103Z","is_published":false,"rating":2.6422780546268703,"price":"500.79","content_type":null,"object_id":null}},{"model":"core.book","pk":61,"fields":{"name":"South Georgia and the South Sandwich Islands","author":["garyharper"],"publisher":4,"genre":3,"written":"2017-10-10T14:39:37.107Z","is_published":false,"rating":1.0654280814905004,"price":"860.89","content_type":null,"object_id":null}},{"model":"core.book","pk":62,"fields":{"name":"Jordan","author":["robin"],"publisher":10,"genre":2,"written":"2017-10-10T14:39:37.110Z","is_published":false,"rating":1.456884887708343,"price":"141.39","content_type":null,"object_id":null}},{"model":"core.book","pk":63,"fields":{"name":"Canada","author":["longjames"],"publisher":4,"genre":2,"written":"2017-10-10T14:39:37.113Z","is_published":false,"rating":1.057498791482066,"price":"172.65","content_type":null,"object_id":null}},{"model":"core.book","pk":64,"fields":{"name":"Albania","author":["batman"],"publisher":8,"genre":1,"written":"2017-10-10T14:39:37.116Z","is_published":false,"rating":2.1376252707489285,"price":"826.21","content_type":null,"object_id":null}},{"model":"core.book","pk":65,"fields":{"name":"Samoa","author":["hannahhanson"],"publisher":8,"genre":1,"written":"2017-10-10T14:39:37.120Z","is_published":false,"rating":1.5027958369335193,"price":"683.77","content_type":null,"object_id":null}},{"model":"core.book","pk":66,"fields":{"name":"Gabon","author":["mckeejoanna"],"publisher":3,"genre":3,"written":"2017-10-10T14:39:37.123Z","is_published":false,"rating":2.0101045500479384,"price":"861.67","content_type":null,"object_id":null}},{"model":"core.book","pk":67,"fields":{"name":"Syrian Arab Republic","author":["jreed"],"publisher":9,"genre":2,"written":"2017-10-10T14:39:37.126Z","is_published":false,"rating":4.209996520717533,"price":"209.79","content_type":null,"object_id":null}},{"model":"core.book","pk":68,"fields":{"name":"Turks and Caicos Islands","author":["garyharper"],"publisher":1,"genre":1,"written":"2017-10-10T14:39:37.130Z","is_published":false,"rating":1.2295086282456054,"price":"639.43","content_type":null,"object_id":null}},{"model":"core.book","pk":69,"fields":{"name":"Djibouti","author":["robin"],"publisher":6,"genre":3,"written":"2017-10-10T14:39:37.134Z","is_published":false,"rating":3.252242163021633,"price":"123.12","content_type":null,"object_id":null}},{"model":"core.book","pk":70,"fields":{"name":"Malaysia","author":["hannahhanson"],"publisher":1,"genre":2,"written":"2017-10-10T14:39:37.137Z","is_published":false,"rating":3.8880815870167083,"price":"969.69","content_type":null,"object_id":null}},{"model":"core.book","pk":71,"fields":{"name":"Norway","author":["longjames"],"publisher":1,"genre":1,"written":"2017-10-10T14:39:37.139Z","is_published":false,"rating":2.4331255508034353,"price":"536.09","content_type":null,"object_id":null}},{"model":"core.book","pk":72,"fields":{"name":"Poland","author":["hello"],"publisher":8,"genre":1,"written":"2017-10-10T14:39:37.142Z","is_published":false,"rating":2.1479281325453554,"price":"697.91","content_type":null,"object_id":null}},{"model":"core.book","pk":73,"fields":{"name":"Iceland","author":["robin"],"publisher":9,"genre":2,"written":"2017-10-10T14:39:37.145Z","is_published":false,"rating":3.0476651711751095,"price":"245.08","content_type":null,"object_id":null}},{"model":"core.book","pk":74,"fields":{"name":"Pakistan","author":["batman"],"publisher":7,"genre":2,"written":"2017-10-10T14:39:37.148Z","is_published":false,"rating":3.2452711964937966,"price":"613.45","content_type":null,"object_id":null}},{"model":"core.book","pk":75,"fields":{"name":"Brazil","author":["jreed"],"publisher":5,"genre":3,"written":"2017-10-10T14:39:37.151Z","is_published":false,"rating":1.5526187226754047,"price":"773.18","content_type":null,"object_id":null}},{"model":"core.book","pk":76,"fields":{"name":"New Zealand","author":["hello"],"publisher":1,"genre":1,"written":"2017-10-10T14:39:37.158Z","is_published":false,"rating":1.115715266152602,"price":"613.25","content_type":null,"object_id":null}},{"model":"core.book","pk":77,"fields":{"name":"Armenia","author":["batman"],"publisher":3,"genre":2,"written":"2017-10-10T14:39:37.162Z","is_published":false,"rating":4.101515598955913,"price":"338.06","content_type":null,"object_id":null}},{"model":"core.book","pk":78,"fields":{"name":"Spain","author":["robin"],"publisher":3,"genre":3,"written":"2017-10-10T14:39:37.165Z","is_published":false,"rating":3.870729048759122,"price":"568.08","content_type":null,"object_id":null}},{"model":"core.book","pk":79,"fields":{"name":"Djibouti","author":["garyharper"],"publisher":6,"genre":1,"written":"2017-10-10T14:39:37.169Z","is_published":false,"rating":4.319456875991,"price":"444.98","content_type":null,"object_id":null}},{"model":"core.book","pk":80,"fields":{"name":"British Indian Ocean Territory (Chagos Archipelago)","author":["jreed"],"publisher":10,"genre":2,"written":"2017-10-10T14:39:37.171Z","is_published":false,"rating":4.041931068830819,"price":"963.51","content_type":null,"object_id":null}},{"model":"core.book","pk":81,"fields":{"name":"Mexico","author":["wrightamy"],"publisher":10,"genre":3,"written":"2017-10-10T14:39:37.175Z","is_published":false,"rating":4.711659949359952,"price":"722.50","content_type":null,"object_id":null}},{"model":"core.book","pk":82,"fields":{"name":"Comoros","author":["hello"],"publisher":9,"genre":3,"written":"2017-10-10T14:39:37.181Z","is_published":false,"rating":2.890079956588014,"price":"694.89","content_type":null,"object_id":null}},{"model":"core.book","pk":83,"fields":{"name":"Italy","author":["robin"],"publisher":6,"genre":3,"written":"2017-10-10T14:39:37.184Z","is_published":false,"rating":2.907912605591547,"price":"744.43","content_type":null,"object_id":null}},{"model":"core.book","pk":84,"fields":{"name":"Anguilla","author":["jreed"],"publisher":5,"genre":2,"written":"2017-10-10T14:39:37.188Z","is_published":false,"rating":2.1002492038392817,"price":"512.04","content_type":null,"object_id":null}},{"model":"core.book","pk":85,"fields":{"name":"Jersey","author":["garyharper"],"publisher":1,"genre":1,"written":"2017-10-10T14:39:37.191Z","is_published":false,"rating":1.157136780088937,"price":"847.63","content_type":null,"object_id":null}},{"model":"core.book","pk":86,"fields":{"name":"Mayotte","author":["batman"],"publisher":9,"genre":2,"written":"2017-10-10T14:39:37.195Z","is_published":false,"rating":2.791710286302714,"price":"894.87","content_type":null,"object_id":null}},{"model":"core.book","pk":87,"fields":{"name":"Bahamas","author":["longjames"],"publisher":8,"genre":2,"written":"2017-10-10T14:39:37.198Z","is_published":false,"rating":4.9550760187761185,"price":"133.66","content_type":null,"object_id":null}},{"model":"core.book","pk":88,"fields":{"name":"Malta","author":["longjames"],"publisher":2,"genre":3,"written":"2017-10-10T14:39:37.201Z","is_published":false,"rating":1.794836894337537,"price":"418.61","content_type":null,"object_id":null}},{"model":"core.book","pk":89,"fields":{"name":"Guinea","author":["hello"],"publisher":9,"genre":2,"written":"2017-10-10T14:39:37.205Z","is_published":false,"rating":1.4296299864017978,"price":"313.77","content_type":null,"object_id":null}},{"model":"core.book","pk":90,"fields":{"name":"Bhutan","author":["longjames"],"publisher":9,"genre":1,"written":"2017-10-10T14:39:37.208Z","is_published":false,"rating":2.6699095035177387,"price":"632.57","content_type":null,"object_id":null}},{"model":"core.book","pk":91,"fields":{"name":"Saint Barthelemy","author":["longjames"],"publisher":1,"genre":2,"written":"2017-10-10T14:39:37.213Z","is_published":false,"rating":2.537045562572533,"price":"760.65","content_type":null,"object_id":null}},{"model":"core.book","pk":92,"fields":{"name":"Central African Republic","author":["jreed"],"publisher":6,"genre":2,"written":"2017-10-10T14:39:37.215Z","is_published":false,"rating":4.090193166737151,"price":"139.01","content_type":null,"object_id":null}},{"model":"core.book","pk":93,"fields":{"name":"Cook Islands","author":["longjames"],"publisher":9,"genre":3,"written":"2017-10-10T14:39:37.218Z","is_published":false,"rating":2.0112188729300216,"price":"492.29","content_type":null,"object_id":null}},{"model":"core.book","pk":94,"fields":{"name":"Afghanistan","author":["wrightamy"],"publisher":9,"genre":2,"written":"2017-10-10T14:39:37.222Z","is_published":false,"rating":3.691381833069148,"price":"621.38","content_type":null,"object_id":null}},{"model":"core.book","pk":95,"fields":{"name":"Benin","author":["mckeejoanna"],"publisher":9,"genre":3,"written":"2017-10-10T14:39:37.225Z","is_published":false,"rating":2.163259651066341,"price":"375.24","content_type":null,"object_id":null}},{"model":"core.book","pk":96,"fields":{"name":"Zimbabwe","author":["batman"],"publisher":2,"genre":3,"written":"2017-10-10T14:39:37.228Z","is_published":false,"rating":2.3761611447344113,"price":"342.86","content_type":null,"object_id":null}},{"model":"core.book","pk":97,"fields":{"name":"Turks and Caicos Islands","author":["garyharper"],"publisher":9,"genre":2,"written":"2017-10-10T14:39:37.231Z","is_published":false,"rating":1.1709087750302065,"price":"414.30","content_type":null,"object_id":null}},{"model":"core.book","pk":98,"fields":{"name":"Uruguay","author":["hannahhanson"],"publisher":2,"genre":1,"written":"2017-10-10T14:39:37.235Z","is_published":false,"rating":1.198531528954192,"price":"698.53","content_type":null,"object_id":null}},{"model":"core.book","pk":99,"fields":{"name":"Netherlands Antilles","author":["wrightamy"],"publisher":7,"genre":2,"written":"2017-10-10T14:39:37.237Z","is_published":false,"rating":3.572609172030955,"price":"830.85","content_type":null,"object_id":null}},{"model":"core.book","pk":100,"fields":{"name":"El Salvador","author":["longjames"],"publisher":3,"genre":3,"written":"2017-10-10T14:39:37.240Z","is_published":false,"rating":2.8985728700837856,"price":"714.35","content_type":null,"object_id":null}},{"model":"core.book","pk":101,"fields":{"name":"Uzbekistan","author":["batman"],"publisher":6,"genre":1,"written":"2017-10-10T14:39:37.244Z","is_published":false,"rating":1.5510902843303942,"price":"482.31","content_type":null,"object_id":null}},{"model":"core.book","pk":102,"fields":{"name":"Cook Islands","author":["robin"],"publisher":5,"genre":1,"written":"2017-10-10T14:39:37.248Z","is_published":false,"rating":4.717127761559341,"price":"230.45","content_type":null,"object_id":null}},{"model":"core.book","pk":103,"fields":{"name":"Korea","author":["hello"],"publisher":8,"genre":3,"written":"2017-10-10T14:39:37.251Z","is_published":false,"rating":1.3522985601110245,"price":"570.49","content_type":null,"object_id":null}},{"model":"core.book","pk":104,"fields":{"name":"Niue","author":["wrightamy"],"publisher":1,"genre":2,"written":"2017-10-10T14:39:37.255Z","is_published":false,"rating":4.697039647654643,"price":"488.14","content_type":null,"object_id":null}},{"model":"core.book","pk":105,"fields":{"name":"Vietnam","author":["wrightamy"],"publisher":7,"genre":1,"written":"2017-10-10T14:39:37.260Z","is_published":false,"rating":1.285714341954185,"price":"698.69","content_type":null,"object_id":null}},{"model":"core.book","pk":106,"fields":{"name":"Moldova","author":["mckeejoanna"],"publisher":9,"genre":2,"written":"2017-10-10T14:39:37.266Z","is_published":false,"rating":2.3010702256042124,"price":"192.79","content_type":null,"object_id":null}},{"model":"core.book","pk":107,"fields":{"name":"Honduras","author":["robin"],"publisher":2,"genre":3,"written":"2017-10-10T14:39:37.271Z","is_published":false,"rating":4.522342367207791,"price":"315.56","content_type":null,"object_id":null}},{"model":"core.book","pk":108,"fields":{"name":"Czech Republic","author":["longjames"],"publisher":3,"genre":3,"written":"2017-10-10T14:39:37.275Z","is_published":false,"rating":1.1677523868310367,"price":"900.97","content_type":null,"object_id":null}},{"model":"core.book","pk":109,"fields":{"name":"Equatorial Guinea","author":["garyharper"],"publisher":4,"genre":1,"written":"2017-10-10T14:39:37.278Z","is_published":false,"rating":2.2107398957921447,"price":"781.60","content_type":null,"object_id":null}},{"model":"core.book","pk":110,"fields":{"name":"Saint Helena","author":["mckeejoanna"],"publisher":1,"genre":1,"written":"2017-10-10T14:39:37.282Z","is_published":false,"rating":3.631172806210503,"price":"912.28","content_type":null,"object_id":null}},{"model":"core.book","pk":111,"fields":{"name":"Palestinian Territory","author":["stonemitchell"],"publisher":5,"genre":1,"written":"2017-10-10T14:39:37.287Z","is_published":false,"rating":1.0376716142452986,"price":"256.82","content_type":null,"object_id":null}},{"model":"core.book","pk":112,"fields":{"name":"Barbados","author":["robin"],"publisher":9,"genre":2,"written":"2017-10-10T14:39:37.293Z","is_published":false,"rating":4.5081317189370385,"price":"200.51","content_type":null,"object_id":null}},{"model":"core.book","pk":113,"fields":{"name":"Nigeria","author":["batman"],"publisher":1,"genre":3,"written":"2017-10-10T14:39:37.298Z","is_published":false,"rating":4.019544144776619,"price":"586.29","content_type":null,"object_id":null}},{"model":"core.book","pk":114,"fields":{"name":"United Kingdom","author":["jreed"],"publisher":8,"genre":2,"written":"2017-10-10T14:39:37.302Z","is_published":false,"rating":3.2094356443810557,"price":"780.24","content_type":null,"object_id":null}},{"model":"core.book","pk":115,"fields":{"name":"Hong Kong","author":["batman"],"publisher":1,"genre":2,"written":"2017-10-10T14:39:37.306Z","is_published":false,"rating":4.337420698367095,"price":"373.87","content_type":null,"object_id":null}},{"model":"core.book","pk":116,"fields":{"name":"Iran","author":["mckeejoanna"],"publisher":6,"genre":2,"written":"2017-10-10T14:39:37.310Z","is_published":false,"rating":2.1239144582213227,"price":"400.52","content_type":null,"object_id":null}},{"model":"core.book","pk":117,"fields":{"name":"Antigua and Barbuda","author":["jreed"],"publisher":6,"genre":2,"written":"2017-10-10T14:39:37.314Z","is_published":false,"rating":3.88227491358857,"price":"850.53","content_type":null,"object_id":null}},{"model":"core.book","pk":118,"fields":{"name":"Palestinian Territory","author":["garyharper"],"publisher":2,"genre":1,"written":"2017-10-10T14:39:37.317Z","is_published":false,"rating":1.4081600020264387,"price":"836.16","content_type":null,"object_id":null}},{"model":"core.book","pk":119,"fields":{"name":"Guinea","author":["longjames"],"publisher":3,"genre":2,"written":"2017-10-10T14:39:37.321Z","is_published":false,"rating":4.308185616085925,"price":"462.93","content_type":null,"object_id":null}},{"model":"core.book","pk":120,"fields":{"name":"Liberia","author":["longjames"],"publisher":8,"genre":2,"written":"2017-10-10T14:39:37.324Z","is_published":false,"rating":2.3734622622256927,"price":"859.66","content_type":null,"object_id":null}},{"model":"core.book","pk":121,"fields":{"name":"Wallis and Futuna","author":["hannahhanson"],"publisher":5,"genre":2,"written":"2017-10-10T14:39:37.327Z","is_published":false,"rating":1.3936540877819348,"price":"320.88","content_type":null,"object_id":null}},{"model":"core.book","pk":122,"fields":{"name":"Armenia","author":["longjames"],"publisher":5,"genre":3,"written":"2017-10-10T14:39:37.331Z","is_published":false,"rating":4.412670426599103,"price":"984.35","content_type":null,"object_id":null}},{"model":"core.book","pk":123,"fields":{"name":"Saint Kitts and Nevis","author":["mckeejoanna"],"publisher":6,"genre":1,"written":"2017-10-10T14:39:37.334Z","is_published":false,"rating":4.142563826439497,"price":"906.31","content_type":null,"object_id":null}},{"model":"core.book","pk":124,"fields":{"name":"Nepal","author":["mckeejoanna"],"publisher":1,"genre":3,"written":"2017-10-10T14:39:37.337Z","is_published":false,"rating":1.5384574053875673,"price":"826.97","content_type":null,"object_id":null}},{"model":"core.book","pk":125,"fields":{"name":"Serbia","author":["stonemitchell"],"publisher":1,"genre":1,"written":"2017-10-10T14:39:37.341Z","is_published":false,"rating":3.8792779653662315,"price":"280.78","content_type":null,"object_id":null}},{"model":"core.book","pk":126,"fields":{"name":"Guyana","author":["mckeejoanna"],"publisher":2,"genre":1,"written":"2017-10-10T14:39:37.346Z","is_published":false,"rating":2.58576790022468,"price":"618.16","content_type":null,"object_id":null}},{"model":"core.book","pk":127,"fields":{"name":"Swaziland","author":["garyharper"],"publisher":4,"genre":1,"written":"2017-10-10T14:39:37.349Z","is_published":false,"rating":4.5568097411844075,"price":"384.39","content_type":null,"object_id":null}},{"model":"core.book","pk":128,"fields":{"name":"Niue","author":["robin"],"publisher":5,"genre":2,"written":"2017-10-10T14:39:37.353Z","is_published":false,"rating":4.887704574455455,"price":"514.78","content_type":null,"object_id":null}},{"model":"core.book","pk":129,"fields":{"name":"Austria","author":["mckeejoanna"],"publisher":1,"genre":1,"written":"2017-10-10T14:39:37.361Z","is_published":false,"rating":1.3584250569401042,"price":"698.86","content_type":null,"object_id":null}},{"model":"core.book","pk":130,"fields":{"name":"Turks and Caicos Islands","author":["wrightamy"],"publisher":2,"genre":1,"written":"2017-10-10T14:39:37.364Z","is_published":false,"rating":3.3839243844573748,"price":"617.49","content_type":null,"object_id":null}},{"model":"core.book","pk":131,"fields":{"name":"Burkina Faso","author":["longjames"],"publisher":7,"genre":3,"written":"2017-10-10T14:39:37.369Z","is_published":false,"rating":3.3886896199031065,"price":"953.83","content_type":null,"object_id":null}},{"model":"core.book","pk":132,"fields":{"name":"Latvia","author":["longjames"],"publisher":7,"genre":2,"written":"2017-10-10T14:39:37.372Z","is_published":false,"rating":1.2485085168754533,"price":"159.47","content_type":null,"object_id":null}},{"model":"core.book","pk":133,"fields":{"name":"Poland","author":["hannahhanson"],"publisher":1,"genre":2,"written":"2017-10-10T14:39:37.375Z","is_published":false,"rating":2.541289170975737,"price":"113.44","content_type":null,"object_id":null}},{"model":"core.book","pk":134,"fields":{"name":"Mexico","author":["batman"],"publisher":1,"genre":3,"written":"2017-10-10T14:39:37.380Z","is_published":false,"rating":4.820059445829944,"price":"186.41","content_type":null,"object_id":null}},{"model":"core.book","pk":135,"fields":{"name":"United Arab Emirates","author":["garyharper"],"publisher":2,"genre":1,"written":"2017-10-10T14:39:37.385Z","is_published":false,"rating":3.264112819917022,"price":"602.49","content_type":null,"object_id":null}},{"model":"core.book","pk":136,"fields":{"name":"El Salvador","author":["batman"],"publisher":6,"genre":3,"written":"2017-10-10T14:39:37.388Z","is_published":false,"rating":3.250490197359874,"price":"128.25","content_type":null,"object_id":null}},{"model":"core.book","pk":137,"fields":{"name":"Bahamas","author":["longjames"],"publisher":8,"genre":2,"written":"2017-10-10T14:39:37.392Z","is_published":false,"rating":3.7914622444626676,"price":"820.25","content_type":null,"object_id":null}},{"model":"core.book","pk":138,"fields":{"name":"Finland","author":["batman"],"publisher":9,"genre":2,"written":"2017-10-10T14:39:37.395Z","is_published":false,"rating":2.7720663041417497,"price":"646.30","content_type":null,"object_id":null}},{"model":"core.book","pk":139,"fields":{"name":"Malaysia","author":["jreed"],"publisher":9,"genre":2,"written":"2017-10-10T14:39:37.399Z","is_published":false,"rating":1.9516982001073613,"price":"696.77","content_type":null,"object_id":null}},{"model":"core.book","pk":140,"fields":{"name":"Heard Island and McDonald Islands","author":["longjames"],"publisher":1,"genre":2,"written":"2017-10-10T14:39:37.403Z","is_published":false,"rating":3.3867008077410286,"price":"514.46","content_type":null,"object_id":null}},{"model":"core.book","pk":141,"fields":{"name":"Macao","author":["longjames"],"publisher":1,"genre":1,"written":"2017-10-10T14:39:37.407Z","is_published":false,"rating":1.3980934749471179,"price":"631.29","content_type":null,"object_id":null}},{"model":"core.book","pk":142,"fields":{"name":"Reunion","author":["jreed"],"publisher":1,"genre":2,"written":"2017-10-10T14:39:37.410Z","is_published":false,"rating":3.8701207490210505,"price":"847.92","content_type":null,"object_id":null}},{"model":"core.book","pk":143,"fields":{"name":"Guinea","author":["garyharper"],"publisher":2,"genre":3,"written":"2017-10-10T14:39:37.413Z","is_published":false,"rating":1.5321620831119058,"price":"837.34","content_type":null,"object_id":null}},{"model":"core.book","pk":144,"fields":{"name":"Lithuania","author":["batman"],"publisher":2,"genre":3,"written":"2017-10-10T14:39:37.415Z","is_published":false,"rating":1.497364014894821,"price":"800.11","content_type":null,"object_id":null}},{"model":"core.book","pk":145,"fields":{"name":"Anguilla","author":["garyharper"],"publisher":2,"genre":3,"written":"2017-10-10T14:39:37.420Z","is_published":false,"rating":1.6214209199572776,"price":"755.10","content_type":null,"object_id":null}},{"model":"core.book","pk":146,"fields":{"name":"Ghana","author":["robin"],"publisher":8,"genre":1,"written":"2017-10-10T14:39:37.422Z","is_published":false,"rating":1.0193520319507874,"price":"521.88","content_type":null,"object_id":null}},{"model":"core.book","pk":147,"fields":{"name":"Czech Republic","author":["longjames"],"publisher":6,"genre":2,"written":"2017-10-10T14:39:37.425Z","is_published":false,"rating":2.369923388770433,"price":"737.99","content_type":null,"object_id":null}},{"model":"core.book","pk":148,"fields":{"name":"Thailand","author":["jreed"],"publisher":3,"genre":1,"written":"2017-10-10T14:39:37.429Z","is_published":false,"rating":4.307651862956256,"price":"765.46","content_type":null,"object_id":null}},{"model":"core.book","pk":149,"fields":{"name":"Dominican Republic","author":["stonemitchell"],"publisher":2,"genre":2,"written":"2017-10-10T14:39:37.432Z","is_published":false,"rating":4.273695282468218,"price":"768.72","content_type":null,"object_id":null}},{"model":"core.book","pk":150,"fields":{"name":"Congo","author":["hello"],"publisher":8,"genre":2,"written":"2017-10-10T14:39:37.435Z","is_published":false,"rating":2.78639251773901,"price":"188.43","content_type":null,"object_id":null}},{"model":"core.book","pk":151,"fields":{"name":"Marshall Islands","author":["mckeejoanna"],"publisher":1,"genre":1,"written":"2017-10-10T14:39:37.438Z","is_published":false,"rating":4.020955999589292,"price":"677.87","content_type":null,"object_id":null}},{"model":"core.book","pk":152,"fields":{"name":"Luxembourg","author":["jreed"],"publisher":5,"genre":2,"written":"2017-10-10T14:39:37.442Z","is_published":false,"rating":1.8577274967802992,"price":"402.99","content_type":null,"object_id":null}},{"model":"core.book","pk":153,"fields":{"name":"Albania","author":["longjames"],"publisher":8,"genre":3,"written":"2017-10-10T14:39:37.444Z","is_published":false,"rating":3.167966472533463,"price":"487.08","content_type":null,"object_id":null}},{"model":"core.book","pk":154,"fields":{"name":"South Georgia and the South Sandwich Islands","author":["hannahhanson"],"publisher":6,"genre":2,"written":"2017-10-10T14:39:37.449Z","is_published":false,"rating":2.1683110009943736,"price":"105.30","content_type":null,"object_id":null}},{"model":"core.book","pk":155,"fields":{"name":"Lao People's Democratic Republic","author":["garyharper"],"publisher":5,"genre":3,"written":"2017-10-10T14:39:37.453Z","is_published":false,"rating":3.681588892996075,"price":"724.93","content_type":null,"object_id":null}},{"model":"core.book","pk":156,"fields":{"name":"Estonia","author":["wrightamy"],"publisher":10,"genre":2,"written":"2017-10-10T14:39:37.460Z","is_published":false,"rating":1.1742609081361568,"price":"784.56","content_type":null,"object_id":null}},{"model":"core.book","pk":157,"fields":{"name":"Aruba","author":["batman"],"publisher":8,"genre":3,"written":"2017-10-10T14:39:37.464Z","is_published":false,"rating":2.7181515659989963,"price":"490.38","content_type":null,"object_id":null}},{"model":"core.book","pk":158,"fields":{"name":"Mayotte","author":["stonemitchell"],"publisher":10,"genre":2,"written":"2017-10-10T14:39:37.470Z","is_published":false,"rating":1.0100258193783684,"price":"343.22","content_type":null,"object_id":null}},{"model":"core.book","pk":159,"fields":{"name":"Micronesia","author":["wrightamy"],"publisher":4,"genre":2,"written":"2017-10-10T14:39:37.473Z","is_published":false,"rating":1.5848969021065864,"price":"887.54","content_type":null,"object_id":null}},{"model":"core.book","pk":160,"fields":{"name":"Qatar","author":["longjames"],"publisher":4,"genre":3,"written":"2017-10-10T14:39:37.480Z","is_published":false,"rating":1.3151603897573922,"price":"227.37","content_type":null,"object_id":null}},{"model":"core.book","pk":161,"fields":{"name":"Equatorial Guinea","author":["stonemitchell"],"publisher":9,"genre":2,"written":"2017-10-10T14:39:37.484Z","is_published":false,"rating":1.1696127382761565,"price":"574.67","content_type":null,"object_id":null}},{"model":"core.book","pk":162,"fields":{"name":"Zambia","author":["batman"],"publisher":1,"genre":1,"written":"2017-10-10T14:39:37.488Z","is_published":false,"rating":3.621325322251715,"price":"264.00","content_type":null,"object_id":null}},{"model":"core.book","pk":163,"fields":{"name":"Comoros","author":["longjames"],"publisher":2,"genre":2,"written":"2017-10-10T14:39:37.493Z","is_published":false,"rating":4.466008052679445,"price":"316.47","content_type":null,"object_id":null}},{"model":"core.book","pk":164,"fields":{"name":"Micronesia","author":["hello"],"publisher":3,"genre":1,"written":"2017-10-10T14:39:37.497Z","is_published":false,"rating":3.9222459120132567,"price":"182.52","content_type":null,"object_id":null}},{"model":"core.book","pk":165,"fields":{"name":"Netherlands","author":["hello"],"publisher":3,"genre":3,"written":"2017-10-10T14:39:37.501Z","is_published":false,"rating":1.0374506419214735,"price":"875.98","content_type":null,"object_id":null}},{"model":"core.book","pk":166,"fields":{"name":"Uruguay","author":["hello"],"publisher":7,"genre":3,"written":"2017-10-10T14:39:37.505Z","is_published":false,"rating":1.6718656973776191,"price":"843.01","content_type":null,"object_id":null}},{"model":"core.book","pk":167,"fields":{"name":"Puerto Rico","author":["batman"],"publisher":9,"genre":3,"written":"2017-10-10T14:39:37.508Z","is_published":false,"rating":4.3926106204748,"price":"514.82","content_type":null,"object_id":null}},{"model":"core.book","pk":168,"fields":{"name":"Philippines","author":["robin"],"publisher":10,"genre":3,"written":"2017-10-10T14:39:37.511Z","is_published":false,"rating":2.5990817115504004,"price":"906.16","content_type":null,"object_id":null}},{"model":"core.book","pk":169,"fields":{"name":"Afghanistan","author":["garyharper"],"publisher":2,"genre":1,"written":"2017-10-10T14:39:37.514Z","is_published":false,"rating":2.9594924943041927,"price":"869.08","content_type":null,"object_id":null}},{"model":"core.book","pk":170,"fields":{"name":"Netherlands","author":["stonemitchell"],"publisher":4,"genre":2,"written":"2017-10-10T14:39:37.517Z","is_published":false,"rating":4.7196538793634275,"price":"631.33","content_type":null,"object_id":null}},{"model":"core.book","pk":171,"fields":{"name":"Bahrain","author":["longjames"],"publisher":4,"genre":1,"written":"2017-10-10T14:39:37.521Z","is_published":false,"rating":1.1490824331829104,"price":"674.12","content_type":null,"object_id":null}},{"model":"core.book","pk":172,"fields":{"name":"Haiti","author":["robin"],"publisher":2,"genre":3,"written":"2017-10-10T14:39:37.524Z","is_published":false,"rating":1.5414093937030637,"price":"987.82","content_type":null,"object_id":null}},{"model":"core.book","pk":173,"fields":{"name":"Kuwait","author":["jreed"],"publisher":1,"genre":3,"written":"2017-10-10T14:39:37.527Z","is_published":false,"rating":2.2359434433424905,"price":"134.10","content_type":null,"object_id":null}},{"model":"core.book","pk":174,"fields":{"name":"Kazakhstan","author":["jreed"],"publisher":7,"genre":3,"written":"2017-10-10T14:39:37.531Z","is_published":false,"rating":3.691035726817473,"price":"519.17","content_type":null,"object_id":null}},{"model":"core.book","pk":175,"fields":{"name":"Reunion","author":["jreed"],"publisher":7,"genre":3,"written":"2017-10-10T14:39:37.535Z","is_published":false,"rating":3.1695753061827787,"price":"711.83","content_type":null,"object_id":null}},{"model":"core.book","pk":176,"fields":{"name":"Iraq","author":["mckeejoanna"],"publisher":1,"genre":3,"written":"2017-10-10T14:39:37.538Z","is_published":false,"rating":2.987296601072355,"price":"681.97","content_type":null,"object_id":null}},{"model":"core.book","pk":177,"fields":{"name":"South Africa","author":["batman"],"publisher":7,"genre":1,"written":"2017-10-10T14:39:37.542Z","is_published":false,"rating":3.114601617266089,"price":"803.32","content_type":null,"object_id":null}},{"model":"core.book","pk":178,"fields":{"name":"Vietnam","author":["hannahhanson"],"publisher":4,"genre":3,"written":"2017-10-10T14:39:37.546Z","is_published":false,"rating":3.1175999569800794,"price":"692.79","content_type":null,"object_id":null}},{"model":"core.book","pk":179,"fields":{"name":"Senegal","author":["batman"],"publisher":2,"genre":3,"written":"2017-10-10T14:39:37.549Z","is_published":false,"rating":2.0988903684334645,"price":"709.31","content_type":null,"object_id":null}},{"model":"core.book","pk":180,"fields":{"name":"Jamaica","author":["hannahhanson"],"publisher":10,"genre":2,"written":"2017-10-10T14:39:37.553Z","is_published":false,"rating":2.359724231895357,"price":"503.56","content_type":null,"object_id":null}},{"model":"core.book","pk":181,"fields":{"name":"Austria","author":["jreed"],"publisher":9,"genre":2,"written":"2017-10-10T14:39:37.555Z","is_published":false,"rating":2.5689286408448826,"price":"192.33","content_type":null,"object_id":null}},{"model":"core.book","pk":182,"fields":{"name":"Turkey","author":["wrightamy"],"publisher":3,"genre":3,"written":"2017-10-10T14:39:37.559Z","is_published":false,"rating":2.637128911424269,"price":"920.77","content_type":null,"object_id":null}},{"model":"core.book","pk":183,"fields":{"name":"Liberia","author":["stonemitchell"],"publisher":10,"genre":3,"written":"2017-10-10T14:39:37.565Z","is_published":false,"rating":3.4112983745726724,"price":"208.96","content_type":null,"object_id":null}},{"model":"core.book","pk":184,"fields":{"name":"Seychelles","author":["robin"],"publisher":2,"genre":3,"written":"2017-10-10T14:39:37.569Z","is_published":false,"rating":3.4889870383333137,"price":"849.06","content_type":null,"object_id":null}},{"model":"core.book","pk":185,"fields":{"name":"Czech Republic","author":["stonemitchell"],"publisher":7,"genre":2,"written":"2017-10-10T14:39:37.572Z","is_published":false,"rating":2.649878806380423,"price":"891.88","content_type":null,"object_id":null}},{"model":"core.book","pk":186,"fields":{"name":"Kuwait","author":["stonemitchell"],"publisher":2,"genre":3,"written":"2017-10-10T14:39:37.575Z","is_published":false,"rating":2.424678239957404,"price":"454.09","content_type":null,"object_id":null}},{"model":"core.book","pk":187,"fields":{"name":"Antarctica (the territory South of 60 deg S)","author":["jreed"],"publisher":2,"genre":3,"written":"2017-10-10T14:39:37.579Z","is_published":false,"rating":3.317600897728887,"price":"110.76","content_type":null,"object_id":null}},{"model":"core.book","pk":188,"fields":{"name":"Morocco","author":["wrightamy"],"publisher":5,"genre":2,"written":"2017-10-10T14:39:37.584Z","is_published":false,"rating":4.181145883106925,"price":"596.12","content_type":null,"object_id":null}},{"model":"core.book","pk":189,"fields":{"name":"Saint Vincent and the Grenadines","author":["longjames"],"publisher":3,"genre":2,"written":"2017-10-10T14:39:37.587Z","is_published":false,"rating":4.750713371383923,"price":"196.70","content_type":null,"object_id":null}},{"model":"core.book","pk":190,"fields":{"name":"New Zealand","author":["mckeejoanna"],"publisher":3,"genre":3,"written":"2017-10-10T14:39:37.591Z","is_published":false,"rating":2.0327820918407276,"price":"556.01","content_type":null,"object_id":null}},{"model":"core.book","pk":191,"fields":{"name":"Cocos (Keeling) Islands","author":["longjames"],"publisher":1,"genre":3,"written":"2017-10-10T14:39:37.594Z","is_published":false,"rating":3.8457954794327507,"price":"174.26","content_type":null,"object_id":null}},{"model":"core.book","pk":192,"fields":{"name":"Martinique","author":["stonemitchell"],"publisher":10,"genre":3,"written":"2017-10-10T14:39:37.599Z","is_published":false,"rating":3.0133732846916312,"price":"249.61","content_type":null,"object_id":null}},{"model":"core.book","pk":193,"fields":{"name":"Kenya","author":["longjames"],"publisher":5,"genre":3,"written":"2017-10-10T14:39:37.602Z","is_published":false,"rating":3.050687860759639,"price":"286.72","content_type":null,"object_id":null}},{"model":"core.book","pk":194,"fields":{"name":"New Zealand","author":["wrightamy"],"publisher":8,"genre":2,"written":"2017-10-10T14:39:37.605Z","is_published":false,"rating":2.0507608403996636,"price":"828.16","content_type":null,"object_id":null}},{"model":"core.book","pk":195,"fields":{"name":"Jersey","author":["batman"],"publisher":10,"genre":2,"written":"2017-10-10T14:39:37.609Z","is_published":false,"rating":4.500553610208477,"price":"553.75","content_type":null,"object_id":null}},{"model":"core.book","pk":196,"fields":{"name":"Western Sahara","author":["longjames"],"publisher":6,"genre":2,"written":"2017-10-10T14:39:37.612Z","is_published":false,"rating":1.6287116685269454,"price":"515.04","content_type":null,"object_id":null}},{"model":"core.book","pk":197,"fields":{"name":"Japan","author":["mckeejoanna"],"publisher":6,"genre":1,"written":"2017-10-10T14:39:37.615Z","is_published":false,"rating":1.0720354385121897,"price":"971.20","content_type":null,"object_id":null}},{"model":"core.book","pk":198,"fields":{"name":"Kiribati","author":["robin"],"publisher":1,"genre":1,"written":"2017-10-10T14:39:37.619Z","is_published":false,"rating":3.6570100842041793,"price":"109.19","content_type":null,"object_id":null}},{"model":"core.book","pk":199,"fields":{"name":"Nicaragua","author":["hello"],"publisher":5,"genre":2,"written":"2017-10-10T14:39:37.622Z","is_published":false,"rating":3.593202221171315,"price":"697.98","content_type":null,"object_id":null}},{"model":"core.book","pk":200,"fields":{"name":"Tuvalu","author":["longjames"],"publisher":3,"genre":1,"written":"2017-10-10T14:39:37.625Z","is_published":false,"rating":1.4376872799137708,"price":"110.60","content_type":null,"object_id":null}},{"model":"core.book","pk":201,"fields":{"name":"Guinea","author":["garyharper"],"publisher":6,"genre":2,"written":"2017-10-10T14:39:37.628Z","is_published":false,"rating":2.5072692988898058,"price":"179.25","content_type":null,"object_id":null}},{"model":"core.book","pk":202,"fields":{"name":"Spain","author":["mckeejoanna"],"publisher":7,"genre":3,"written":"2017-10-10T14:39:37.632Z","is_published":false,"rating":3.4421373798176798,"price":"979.37","content_type":null,"object_id":null}},{"model":"core.book","pk":203,"fields":{"name":"Comoros","author":["hello"],"publisher":4,"genre":1,"written":"2017-10-10T14:39:37.635Z","is_published":false,"rating":4.315861570722015,"price":"584.54","content_type":null,"object_id":null}},{"model":"core.book","pk":204,"fields":{"name":"Congo","author":["mckeejoanna"],"publisher":2,"genre":2,"written":"2017-10-10T14:39:37.638Z","is_published":false,"rating":1.096520787061932,"price":"526.68","content_type":null,"object_id":null}},{"model":"core.book","pk":205,"fields":{"name":"Sao Tome and Principe","author":["longjames"],"publisher":6,"genre":3,"written":"2017-10-10T14:39:37.642Z","is_published":false,"rating":1.3171120460404082,"price":"589.48","content_type":null,"object_id":null}},{"model":"core.book","pk":206,"fields":{"name":"Taiwan","author":["longjames"],"publisher":3,"genre":3,"written":"2017-10-10T14:39:37.644Z","is_published":false,"rating":3.4248397065256464,"price":"603.43","content_type":null,"object_id":null}},{"model":"core.book","pk":207,"fields":{"name":"Israel","author":["jreed"],"publisher":3,"genre":1,"written":"2017-10-10T14:39:37.648Z","is_published":false,"rating":3.1897248309390904,"price":"353.17","content_type":null,"object_id":null}},{"model":"core.book","pk":208,"fields":{"name":"Tuvalu","author":["garyharper"],"publisher":4,"genre":1,"written":"2017-10-10T14:39:37.651Z","is_published":false,"rating":3.487812214599663,"price":"201.39","content_type":null,"object_id":null}},{"model":"core.book","pk":209,"fields":{"name":"Cayman Islands","author":["longjames"],"publisher":10,"genre":2,"written":"2017-10-10T14:39:37.654Z","is_published":false,"rating":4.101287571190362,"price":"795.14","content_type":null,"object_id":null}},{"model":"core.book","pk":210,"fields":{"name":"Northern Mariana Islands","author":["garyharper"],"publisher":5,"genre":3,"written":"2017-10-10T14:39:37.657Z","is_published":false,"rating":2.886567748388328,"price":"883.53","content_type":null,"object_id":null}},{"model":"core.book","pk":211,"fields":{"name":"Albania","author":["mckeejoanna"],"publisher":2,"genre":3,"written":"2017-10-10T14:39:37.660Z","is_published":false,"rating":3.7050893915964473,"price":"305.02","content_type":null,"object_id":null}},{"model":"core.book","pk":212,"fields":{"name":"Korea","author":["batman"],"publisher":7,"genre":1,"written":"2017-10-10T14:39:37.667Z","is_published":false,"rating":3.4334324560635165,"price":"243.82","content_type":null,"object_id":null}},{"model":"core.book","pk":213,"fields":{"name":"Bouvet Island (Bouvetoya)","author":["robin"],"publisher":8,"genre":3,"written":"2017-10-10T14:39:37.671Z","is_published":false,"rating":3.9315927509652138,"price":"219.25","content_type":null,"object_id":null}},{"model":"core.book","pk":214,"fields":{"name":"Antigua and Barbuda","author":["longjames"],"publisher":9,"genre":2,"written":"2017-10-10T14:39:37.674Z","is_published":false,"rating":1.1123555981909758,"price":"890.66","content_type":null,"object_id":null}},{"model":"core.book","pk":215,"fields":{"name":"Greenland","author":["longjames"],"publisher":7,"genre":2,"written":"2017-10-10T14:39:37.677Z","is_published":false,"rating":3.546182288810519,"price":"292.70","content_type":null,"object_id":null}},{"model":"core.book","pk":216,"fields":{"name":"Burundi","author":["jreed"],"publisher":3,"genre":2,"written":"2017-10-10T14:39:37.683Z","is_published":false,"rating":1.4614145159371197,"price":"979.73","content_type":null,"object_id":null}},{"model":"core.book","pk":217,"fields":{"name":"Bermuda","author":["hello"],"publisher":3,"genre":3,"written":"2017-10-10T14:39:37.693Z","is_published":false,"rating":4.953491722658278,"price":"329.67","content_type":null,"object_id":null}},{"model":"core.book","pk":218,"fields":{"name":"Vietnam","author":["longjames"],"publisher":4,"genre":1,"written":"2017-10-10T14:39:37.702Z","is_published":false,"rating":4.917099897744709,"price":"800.91","content_type":null,"object_id":null}},{"model":"core.book","pk":219,"fields":{"name":"Equatorial Guinea","author":["hello"],"publisher":4,"genre":3,"written":"2017-10-10T14:39:37.706Z","is_published":false,"rating":2.2548038832493273,"price":"674.23","content_type":null,"object_id":null}},{"model":"core.book","pk":220,"fields":{"name":"Mali","author":["wrightamy"],"publisher":6,"genre":1,"written":"2017-10-10T14:39:37.709Z","is_published":false,"rating":1.4523819861006944,"price":"472.53","content_type":null,"object_id":null}},{"model":"core.book","pk":221,"fields":{"name":"Serbia","author":["robin"],"publisher":6,"genre":1,"written":"2017-10-10T14:39:37.712Z","is_published":false,"rating":1.0277653398655437,"price":"346.61","content_type":null,"object_id":null}},{"model":"core.book","pk":222,"fields":{"name":"Libyan Arab Jamahiriya","author":["stonemitchell"],"publisher":10,"genre":2,"written":"2017-10-10T14:39:37.717Z","is_published":false,"rating":3.70225139048075,"price":"532.81","content_type":null,"object_id":null}},{"model":"core.book","pk":223,"fields":{"name":"El Salvador","author":["mckeejoanna"],"publisher":7,"genre":2,"written":"2017-10-10T14:39:37.721Z","is_published":false,"rating":2.561403080190269,"price":"119.57","content_type":null,"object_id":null}},{"model":"core.book","pk":224,"fields":{"name":"Romania","author":["wrightamy"],"publisher":4,"genre":2,"written":"2017-10-10T14:39:37.726Z","is_published":false,"rating":2.7638264473771983,"price":"104.27","content_type":null,"object_id":null}},{"model":"core.book","pk":225,"fields":{"name":"Cameroon","author":["wrightamy"],"publisher":9,"genre":2,"written":"2017-10-10T14:39:37.731Z","is_published":false,"rating":2.565668783469298,"price":"814.99","content_type":null,"object_id":null}},{"model":"core.book","pk":226,"fields":{"name":"Namibia","author":["longjames"],"publisher":10,"genre":3,"written":"2017-10-10T14:39:37.735Z","is_published":false,"rating":3.399386309179255,"price":"224.57","content_type":null,"object_id":null}},{"model":"core.book","pk":227,"fields":{"name":"Andorra","author":["stonemitchell"],"publisher":1,"genre":3,"written":"2017-10-10T14:39:37.739Z","is_published":false,"rating":2.8521818648468167,"price":"261.03","content_type":null,"object_id":null}},{"model":"core.book","pk":228,"fields":{"name":"New Caledonia","author":["hannahhanson"],"publisher":5,"genre":1,"written":"2017-10-10T14:39:37.742Z","is_published":false,"rating":3.6513824305024305,"price":"191.28","content_type":null,"object_id":null}},{"model":"core.book","pk":229,"fields":{"name":"Slovakia (Slovak Republic)","author":["robin"],"publisher":9,"genre":1,"written":"2017-10-10T14:39:37.745Z","is_published":false,"rating":4.243015449157285,"price":"167.50","content_type":null,"object_id":null}},{"model":"core.book","pk":230,"fields":{"name":"Gabon","author":["garyharper"],"publisher":9,"genre":2,"written":"2017-10-10T14:39:37.748Z","is_published":false,"rating":4.477721681076783,"price":"614.11","content_type":null,"object_id":null}},{"model":"core.book","pk":231,"fields":{"name":"British Virgin Islands","author":["hannahhanson"],"publisher":3,"genre":1,"written":"2017-10-10T14:39:37.751Z","is_published":false,"rating":3.795184280281972,"price":"400.89","content_type":null,"object_id":null}},{"model":"core.book","pk":232,"fields":{"name":"Lebanon","author":["hello"],"publisher":10,"genre":3,"written":"2017-10-10T14:39:37.754Z","is_published":false,"rating":4.653135930089292,"price":"110.49","content_type":null,"object_id":null}},{"model":"core.book","pk":233,"fields":{"name":"Lithuania","author":["stonemitchell"],"publisher":5,"genre":3,"written":"2017-10-10T14:39:37.757Z","is_published":false,"rating":1.451199994820604,"price":"977.62","content_type":null,"object_id":null}},{"model":"core.book","pk":234,"fields":{"name":"Comoros","author":["hello"],"publisher":3,"genre":2,"written":"2017-10-10T14:39:37.761Z","is_published":false,"rating":2.8721723654491806,"price":"575.53","content_type":null,"object_id":null}},{"model":"core.book","pk":235,"fields":{"name":"Albania","author":["garyharper"],"publisher":6,"genre":1,"written":"2017-10-10T14:39:37.767Z","is_published":false,"rating":1.6654010796235674,"price":"454.82","content_type":null,"object_id":null}},{"model":"core.book","pk":236,"fields":{"name":"British Indian Ocean Territory (Chagos Archipelago)","author":["stonemitchell"],"publisher":10,"genre":3,"written":"2017-10-10T14:39:37.773Z","is_published":false,"rating":1.62152258227967,"price":"670.31","content_type":null,"object_id":null}},{"model":"core.book","pk":237,"fields":{"name":"Germany","author":["batman"],"publisher":6,"genre":3,"written":"2017-10-10T14:39:37.778Z","is_published":false,"rating":2.881354007096192,"price":"603.11","content_type":null,"object_id":null}},{"model":"core.book","pk":238,"fields":{"name":"Sierra Leone","author":["garyharper"],"publisher":1,"genre":3,"written":"2017-10-10T14:39:37.781Z","is_published":false,"rating":3.666914837549133,"price":"923.01","content_type":null,"object_id":null}},{"model":"core.book","pk":239,"fields":{"name":"Iceland","author":["mckeejoanna"],"publisher":1,"genre":3,"written":"2017-10-10T14:39:37.786Z","is_published":false,"rating":2.207955492547634,"price":"592.60","content_type":null,"object_id":null}},{"model":"core.book","pk":240,"fields":{"name":"Algeria","author":["garyharper"],"publisher":8,"genre":3,"written":"2017-10-10T14:39:37.793Z","is_published":false,"rating":4.85567206226718,"price":"482.48","content_type":null,"object_id":null}},{"model":"core.book","pk":241,"fields":{"name":"Israel","author":["mckeejoanna"],"publisher":10,"genre":2,"written":"2017-10-10T14:39:37.799Z","is_published":false,"rating":1.12523231465024,"price":"403.22","content_type":null,"object_id":null}},{"model":"core.book","pk":242,"fields":{"name":"Liberia","author":["jreed"],"publisher":7,"genre":2,"written":"2017-10-10T14:39:37.802Z","is_published":false,"rating":3.2074079866108227,"price":"842.12","content_type":null,"object_id":null}},{"model":"core.book","pk":243,"fields":{"name":"Gibraltar","author":["stonemitchell"],"publisher":3,"genre":3,"written":"2017-10-10T14:39:37.805Z","is_published":false,"rating":3.565505764980785,"price":"692.05","content_type":null,"object_id":null}},{"model":"core.book","pk":244,"fields":{"name":"Greece","author":["longjames"],"publisher":1,"genre":2,"written":"2017-10-10T14:39:37.809Z","is_published":false,"rating":1.5984349613254873,"price":"511.52","content_type":null,"object_id":null}},{"model":"core.book","pk":245,"fields":{"name":"Romania","author":["hello"],"publisher":10,"genre":1,"written":"2017-10-10T14:39:37.813Z","is_published":false,"rating":2.088506234350486,"price":"471.66","content_type":null,"object_id":null}},{"model":"core.book","pk":246,"fields":{"name":"Holy See (Vatican City State)","author":["wrightamy"],"publisher":2,"genre":1,"written":"2017-10-10T14:39:37.817Z","is_published":false,"rating":2.0409539420059817,"price":"429.88","content_type":null,"object_id":null}},{"model":"core.book","pk":247,"fields":{"name":"Mayotte","author":["garyharper"],"publisher":6,"genre":2,"written":"2017-10-10T14:39:37.819Z","is_published":false,"rating":2.8603259171272204,"price":"576.94","content_type":null,"object_id":null}},{"model":"core.book","pk":248,"fields":{"name":"Oman","author":["longjames"],"publisher":5,"genre":1,"written":"2017-10-10T14:39:37.824Z","is_published":false,"rating":2.2864049021940365,"price":"304.23","content_type":null,"object_id":null}},{"model":"core.book","pk":249,"fields":{"name":"Cuba","author":["hello"],"publisher":6,"genre":2,"written":"2017-10-10T14:39:37.828Z","is_published":false,"rating":1.8396442687493795,"price":"548.37","content_type":null,"object_id":null}},{"model":"core.book","pk":250,"fields":{"name":"Senegal","author":["wrightamy"],"publisher":8,"genre":3,"written":"2017-10-10T14:39:37.832Z","is_published":false,"rating":2.2673353278428015,"price":"158.17","content_type":null,"object_id":null}},{"model":"core.book","pk":251,"fields":{"name":"Pitcairn Islands","author":["longjames"],"publisher":3,"genre":2,"written":"2017-10-10T14:39:37.835Z","is_published":false,"rating":2.046017779520686,"price":"888.64","content_type":null,"object_id":null}},{"model":"core.book","pk":252,"fields":{"name":"Samoa","author":["hello"],"publisher":3,"genre":2,"written":"2017-10-10T14:39:37.838Z","is_published":false,"rating":2.5678098778230973,"price":"422.47","content_type":null,"object_id":null}},{"model":"core.book","pk":253,"fields":{"name":"Kenya","author":["garyharper"],"publisher":3,"genre":1,"written":"2017-10-10T14:39:37.841Z","is_published":false,"rating":1.5760526316337669,"price":"418.68","content_type":null,"object_id":null}},{"model":"core.book","pk":254,"fields":{"name":"Papua New Guinea","author":["stonemitchell"],"publisher":8,"genre":3,"written":"2017-10-10T14:39:37.844Z","is_published":false,"rating":1.38441188627402,"price":"187.02","content_type":null,"object_id":null}},{"model":"core.book","pk":255,"fields":{"name":"Cuba","author":["wrightamy"],"publisher":1,"genre":1,"written":"2017-10-10T14:39:37.847Z","is_published":false,"rating":1.0956083736123898,"price":"505.55","content_type":null,"object_id":null}},{"model":"core.book","pk":256,"fields":{"name":"Romania","author":["stonemitchell"],"publisher":10,"genre":2,"written":"2017-10-10T14:39:37.852Z","is_published":false,"rating":3.9888241186439233,"price":"972.60","content_type":null,"object_id":null}},{"model":"core.book","pk":257,"fields":{"name":"Bhutan","author":["robin"],"publisher":3,"genre":3,"written":"2017-10-10T14:39:37.856Z","is_published":false,"rating":3.470694285903289,"price":"745.82","content_type":null,"object_id":null}},{"model":"core.book","pk":258,"fields":{"name":"Morocco","author":["stonemitchell"],"publisher":7,"genre":1,"written":"2017-10-10T14:39:37.860Z","is_published":false,"rating":2.0513722819069655,"price":"216.08","content_type":null,"object_id":null}},{"model":"core.book","pk":259,"fields":{"name":"Costa Rica","author":["robin"],"publisher":4,"genre":3,"written":"2017-10-10T14:39:37.866Z","is_published":false,"rating":2.166240937836076,"price":"719.05","content_type":null,"object_id":null}},{"model":"core.book","pk":260,"fields":{"name":"Peru","author":["robin"],"publisher":3,"genre":2,"written":"2017-10-10T14:39:37.879Z","is_published":false,"rating":3.108914639923082,"price":"807.47","content_type":null,"object_id":null}},{"model":"core.book","pk":261,"fields":{"name":"Mexico","author":["robin"],"publisher":6,"genre":1,"written":"2017-10-10T14:39:37.892Z","is_published":false,"rating":1.8741843400353178,"price":"908.57","content_type":null,"object_id":null}},{"model":"core.book","pk":262,"fields":{"name":"Latvia","author":["garyharper"],"publisher":8,"genre":3,"written":"2017-10-10T14:39:37.898Z","is_published":false,"rating":2.9534338336633628,"price":"804.35","content_type":null,"object_id":null}},{"model":"core.book","pk":263,"fields":{"name":"Bermuda","author":["batman"],"publisher":10,"genre":2,"written":"2017-10-10T14:39:37.902Z","is_published":false,"rating":3.378201120668808,"price":"634.10","content_type":null,"object_id":null}},{"model":"core.book","pk":264,"fields":{"name":"Hong Kong","author":["longjames"],"publisher":1,"genre":2,"written":"2017-10-10T14:39:37.905Z","is_published":false,"rating":1.4792484931137153,"price":"395.89","content_type":null,"object_id":null}},{"model":"core.book","pk":265,"fields":{"name":"Cambodia","author":["hannahhanson"],"publisher":9,"genre":2,"written":"2017-10-10T14:39:37.909Z","is_published":false,"rating":1.391843663585537,"price":"216.68","content_type":null,"object_id":null}},{"model":"core.book","pk":266,"fields":{"name":"Mozambique","author":["jreed"],"publisher":9,"genre":2,"written":"2017-10-10T14:39:37.913Z","is_published":false,"rating":1.2467304792925762,"price":"337.52","content_type":null,"object_id":null}},{"model":"core.book","pk":267,"fields":{"name":"Ethiopia","author":["stonemitchell"],"publisher":3,"genre":1,"written":"2017-10-10T14:39:37.919Z","is_published":false,"rating":1.681944181911792,"price":"608.76","content_type":null,"object_id":null}},{"model":"core.book","pk":268,"fields":{"name":"Portugal","author":["mckeejoanna"],"publisher":3,"genre":3,"written":"2017-10-10T14:39:37.922Z","is_published":false,"rating":3.6415920295963917,"price":"389.12","content_type":null,"object_id":null}},{"model":"core.book","pk":269,"fields":{"name":"Micronesia","author":["wrightamy"],"publisher":7,"genre":1,"written":"2017-10-10T14:39:37.924Z","is_published":false,"rating":4.739148314126858,"price":"460.44","content_type":null,"object_id":null}},{"model":"core.book","pk":270,"fields":{"name":"Micronesia","author":["hannahhanson"],"publisher":7,"genre":3,"written":"2017-10-10T14:39:37.927Z","is_published":false,"rating":2.464886013203368,"price":"546.71","content_type":null,"object_id":null}},{"model":"core.book","pk":271,"fields":{"name":"Tonga","author":["jreed"],"publisher":2,"genre":3,"written":"2017-10-10T14:39:37.931Z","is_published":false,"rating":4.092319552305355,"price":"818.80","content_type":null,"object_id":null}},{"model":"core.book","pk":272,"fields":{"name":"Jersey","author":["mckeejoanna"],"publisher":6,"genre":2,"written":"2017-10-10T14:39:37.934Z","is_published":false,"rating":2.53009032270918,"price":"434.60","content_type":null,"object_id":null}},{"model":"core.book","pk":273,"fields":{"name":"Mexico","author":["longjames"],"publisher":6,"genre":1,"written":"2017-10-10T14:39:37.938Z","is_published":false,"rating":3.870102373684234,"price":"165.03","content_type":null,"object_id":null}},{"model":"core.book","pk":274,"fields":{"name":"Guinea-Bissau","author":["batman"],"publisher":3,"genre":1,"written":"2017-10-10T14:39:37.940Z","is_published":false,"rating":4.690981981732834,"price":"870.09","content_type":null,"object_id":null}},{"model":"core.book","pk":275,"fields":{"name":"Suriname","author":["jreed"],"publisher":5,"genre":3,"written":"2017-10-10T14:39:37.945Z","is_published":false,"rating":2.0105989212881266,"price":"641.68","content_type":null,"object_id":null}},{"model":"core.book","pk":276,"fields":{"name":"Svalbard & Jan Mayen Islands","author":["hello"],"publisher":8,"genre":2,"written":"2017-10-10T14:39:37.947Z","is_published":false,"rating":2.895915209428694,"price":"286.00","content_type":null,"object_id":null}},{"model":"core.book","pk":277,"fields":{"name":"Jamaica","author":["robin"],"publisher":8,"genre":1,"written":"2017-10-10T14:39:37.950Z","is_published":false,"rating":1.1628225952429831,"price":"857.61","content_type":null,"object_id":null}},{"model":"core.book","pk":278,"fields":{"name":"Aruba","author":["hannahhanson"],"publisher":1,"genre":2,"written":"2017-10-10T14:39:37.954Z","is_published":false,"rating":3.884924699635655,"price":"754.56","content_type":null,"object_id":null}},{"model":"core.book","pk":279,"fields":{"name":"Somalia","author":["batman"],"publisher":7,"genre":3,"written":"2017-10-10T14:39:37.957Z","is_published":false,"rating":4.004230697768924,"price":"929.16","content_type":null,"object_id":null}},{"model":"core.book","pk":280,"fields":{"name":"Macao","author":["stonemitchell"],"publisher":7,"genre":2,"written":"2017-10-10T14:39:37.961Z","is_published":false,"rating":2.394131467330634,"price":"890.30","content_type":null,"object_id":null}},{"model":"core.book","pk":281,"fields":{"name":"Saint Martin","author":["stonemitchell"],"publisher":7,"genre":1,"written":"2017-10-10T14:39:37.964Z","is_published":false,"rating":4.140196051367802,"price":"542.46","content_type":null,"object_id":null}},{"model":"core.book","pk":282,"fields":{"name":"Belize","author":["garyharper"],"publisher":6,"genre":1,"written":"2017-10-10T14:39:37.968Z","is_published":false,"rating":2.2036821843950087,"price":"616.17","content_type":null,"object_id":null}},{"model":"core.book","pk":283,"fields":{"name":"Morocco","author":["garyharper"],"publisher":1,"genre":2,"written":"2017-10-10T14:39:37.972Z","is_published":false,"rating":1.740403430407072,"price":"849.53","content_type":null,"object_id":null}},{"model":"core.book","pk":284,"fields":{"name":"Poland","author":["robin"],"publisher":1,"genre":2,"written":"2017-10-10T14:39:37.977Z","is_published":false,"rating":4.78442573671393,"price":"963.84","content_type":null,"object_id":null}},{"model":"core.book","pk":285,"fields":{"name":"Saint Vincent and the Grenadines","author":["batman"],"publisher":9,"genre":2,"written":"2017-10-10T14:39:37.981Z","is_published":false,"rating":4.443736918288398,"price":"723.46","content_type":null,"object_id":null}},{"model":"core.book","pk":286,"fields":{"name":"Hong Kong","author":["jreed"],"publisher":9,"genre":3,"written":"2017-10-10T14:39:37.984Z","is_published":false,"rating":4.450659022591145,"price":"905.26","content_type":null,"object_id":null}},{"model":"core.book","pk":287,"fields":{"name":"Russian Federation","author":["stonemitchell"],"publisher":1,"genre":2,"written":"2017-10-10T14:39:37.987Z","is_published":false,"rating":3.2417589660880384,"price":"257.08","content_type":null,"object_id":null}},{"model":"core.book","pk":288,"fields":{"name":"Puerto Rico","author":["wrightamy"],"publisher":2,"genre":3,"written":"2017-10-10T14:39:37.991Z","is_published":false,"rating":4.656221188969289,"price":"792.74","content_type":null,"object_id":null}},{"model":"core.book","pk":289,"fields":{"name":"Honduras","author":["robin"],"publisher":8,"genre":2,"written":"2017-10-10T14:39:37.994Z","is_published":false,"rating":3.6010134403632525,"price":"244.38","content_type":null,"object_id":null}},{"model":"core.book","pk":290,"fields":{"name":"Ireland","author":["batman"],"publisher":3,"genre":1,"written":"2017-10-10T14:39:38.001Z","is_published":false,"rating":1.9964510192038354,"price":"937.90","content_type":null,"object_id":null}},{"model":"core.book","pk":291,"fields":{"name":"Dominican Republic","author":["garyharper"],"publisher":1,"genre":1,"written":"2017-10-10T14:39:38.004Z","is_published":false,"rating":3.147765586688531,"price":"623.31","content_type":null,"object_id":null}},{"model":"core.book","pk":292,"fields":{"name":"Belize","author":["garyharper"],"publisher":7,"genre":1,"written":"2017-10-10T14:39:38.007Z","is_published":false,"rating":1.972754078403705,"price":"340.67","content_type":null,"object_id":null}},{"model":"core.book","pk":293,"fields":{"name":"Saint Martin","author":["jreed"],"publisher":10,"genre":2,"written":"2017-10-10T14:39:38.010Z","is_published":false,"rating":3.863883523863101,"price":"114.91","content_type":null,"object_id":null}},{"model":"core.book","pk":294,"fields":{"name":"Sweden","author":["batman"],"publisher":3,"genre":2,"written":"2017-10-10T14:39:38.015Z","is_published":false,"rating":4.170811242388817,"price":"106.95","content_type":null,"object_id":null}},{"model":"core.book","pk":295,"fields":{"name":"Suriname","author":["wrightamy"],"publisher":8,"genre":1,"written":"2017-10-10T14:39:38.018Z","is_published":false,"rating":1.397644788235029,"price":"454.30","content_type":null,"object_id":null}},{"model":"core.book","pk":296,"fields":{"name":"Haiti","author":["wrightamy"],"publisher":4,"genre":2,"written":"2017-10-10T14:39:38.021Z","is_published":false,"rating":4.482099807942128,"price":"670.25","content_type":null,"object_id":null}},{"model":"core.book","pk":297,"fields":{"name":"Paraguay","author":["hannahhanson"],"publisher":2,"genre":2,"written":"2017-10-10T14:39:38.025Z","is_published":false,"rating":1.117474199143973,"price":"712.43","content_type":null,"object_id":null}},{"model":"core.book","pk":298,"fields":{"name":"Seychelles","author":["mckeejoanna"],"publisher":3,"genre":1,"written":"2017-10-10T14:39:38.029Z","is_published":false,"rating":2.9568498373858367,"price":"461.37","content_type":null,"object_id":null}},{"model":"core.book","pk":299,"fields":{"name":"Slovenia","author":["stonemitchell"],"publisher":2,"genre":2,"written":"2017-10-10T14:39:38.032Z","is_published":false,"rating":3.5424402941552593,"price":"352.35","content_type":null,"object_id":null}},{"model":"core.book","pk":300,"fields":{"name":"Kenya","author":["mckeejoanna"],"publisher":8,"genre":3,"written":"2017-10-10T14:39:38.035Z","is_published":false,"rating":1.3161201227870918,"price":"120.09","content_type":null,"object_id":null}}]
